date,rh,flux,ebr,EToF_filtered,es,rso,ebr_5day_clim,EToF,t_max,ebr_corr,Rn,energy,t_min,sw_in,H,t_dew,vp,LE,wd,ws,ebc_cf,flux_corr,vpd,LE_corr,H_corr,t_avg,G,Rn_subday_gaps,ET_fill_val,G_subday_gaps,ET_gap,ASCE_ETo,ET,ET_corr,gridMET_ETo,gridMET_prcp,H_subday_gaps,ET_fill,ppt,LE_subday_gaps,gridMET_ETr
2009-01-31,,,,,,142.79845435592497,0.7998630656759008,,,,,,,,,,,,,,1.255723260737627,,,,,,,,,,0.0,,,,40.20000034,37.400001399999994,,,,,59.80000079999999
2009-02-28,,,,,,185.87751791095818,0.9128051640421538,,,,,,,,,,,,,,1.0962577461478586,,,,,,,,,,0.0,,,,47.30000044,130.4000001,,,,,64.0000005
2009-03-31,,,,,,245.90514752913379,0.9746849280769204,,,,,,,,,,,,,,1.0238114312802782,,,,,,,,,,0.0,,,,100.5000012,46.60000004,,,,,137.80000219999997
2009-04-30,,124.10951041666668,,0.5367524807031364,1.73879022630504,305.20342333526435,0.9929158161071426,0.5386284351304942,19.30360996428572,,,,10.280196892857145,,55.105303847470246,,,69.00420656919644,232.40964118910253,3.9646677511574073,1.019419754528757,127.21945456253134,,71.06760294777885,56.59522975861067,14.568332684027776,,776.7857142857142,,774.6428571428571,2.0,,72.5447589753082,74.73622776879141,140.30000280000002,17.70000034,0.0,74.09950527864336,24.555555555555554,0.0,186.80000380000004
2009-05-31,62.71479727564103,140.3067658891129,0.9597881407728532,0.4521976597728277,2.2164986402093243,345.67115905953835,1.024720893717468,0.4401795589895736,24.18376693548387,1.0166129781112732,155.2622353707562,146.18514225038578,13.826119612903225,301.516795915,67.43663341666667,,1.2041773774901856,72.87013247244622,247.03842087787356,4.646672563218392,1.0573793613843019,148.61371281878485,0.9395651592147438,77.2026594348101,71.41105338397476,18.583812050287356,9.077093120370373,26.0,,20.0,0.0,,79.46295491084093,84.18812197443285,201.90000440000009,17.5,0.0,87.64157197228089,17.6,0.0,273.6000023
2009-06-30,62.907030555555565,171.93227176597233,0.8868516835772358,1.0262152551716148,2.3498498563572183,361.63809317663095,0.9658983185300184,1.0318089563258566,24.737375399999994,1.0040352985602818,197.65058000208333,193.86812355416663,15.215085500000002,325.57072398065486,-3.4467599930555552,10.333195744596528,1.3006150128702771,175.3790317590278,246.75596685991383,5.060041373611112,1.130885431272955,194.6504393140293,1.0378397556944443,199.47263185802598,-4.822192543996625,19.44828454930556,3.7824564479166662,27.0,,0.0,0.0,179.45146402736665,185.2320091133192,210.6977327706007,208.4000045,3.9,0.0,212.19185588583028,9.5,0.0,283.7000016
2009-07-31,59.7946712962963,164.75218682526884,0.8629312863418429,1.083354920225951,2.5014302418129217,352.5361563386772,0.8670062567054659,1.0872444280851503,26.70474564516129,1.003058868656376,190.00472215696843,190.92155937895112,15.342269709677415,332.85472023625,-49.941137897849465,10.111812638928999,1.2782180632881268,214.69332472311834,253.1958434719551,4.4883738437500025,1.161933008874607,191.50556335276184,1.2403588655864195,249.2981901812878,-57.792626828525975,20.51328488649425,-0.9168372219827591,80.0,,73.0,0.0,203.32295838075413,234.4855246149175,272.2738230857077,252.0000078,0.0,0.0,271.6947693148396,0.0,0.0,346.900006
2009-08-31,,139.63204453225808,,1.1029407252504666,,318.57335301800265,0.8255180683827716,1.1078559189393922,27.241674967741943,,,,15.818347129032256,,-48.425087696908605,,,188.05713222916668,,3.9480482291666656,1.1855074109342787,165.3336600367476,,221.93811651104957,-56.60445647430203,20.464827272693448,,357.0,,357.0,0.0,,205.36790034517853,242.35688202546,220.70000220000003,0.3,0.0,242.77748137606133,1.3,0.0,308.20000600000003
2009-09-30,60.290644290123474,97.16798476041667,0.7890987915328898,1.0692598758748453,2.5621557677075684,264.5102442051096,0.8475204279465308,1.0666118058786378,27.54887903333333,1.020599992625268,121.0233934955357,123.13792113616071,15.481848199999998,232.9230472447917,-43.49099806458332,10.211380700085623,1.31664189499542,140.658982825,247.4814285472756,2.8887381253720243,1.298757137869704,125.67456140345644,1.24453219845679,181.90244874106983,-56.22788733761341,20.98543479724702,-2.114527640625,30.0,,30.0,0.0,140.73781562216936,148.7244682847811,192.33253560149018,182.80000210000003,3.4,0.0,195.67867718727612,1.6551724137931036,0.0,263.200003
2009-10-31,69.82833131720429,55.890601140457,,0.7101972397005661,1.980167158720716,202.21706199499388,0.8937117756944515,0.7090328462290201,21.34954474193548,,,,12.799401645161295,169.67184821975812,-3.1952222896505384,10.158473010527416,1.338896372944854,59.08582343010751,238.4466578534484,2.6262732025862072,1.153567230322199,65.31508303158505,0.6212019723118277,69.70189777629865,-4.3868147447136066,16.95664407183908,,1201.0,,1249.0,0.0,85.36203707543496,64.29458532889032,75.84196496508001,101.90000120000002,80.6,0.0,76.23875707749332,71.89999999999998,0.0,147.50000160000005
2009-11-30,76.88368125000002,37.60656090486111,,0.6116177102683108,1.630250171493404,151.50978122233317,0.8398556478154034,0.7291582486645578,18.745429833333336,,,,9.499129166666668,124.19701954826394,7.9727805152777735,10.131168532462556,1.2653698405150149,29.633780389583325,214.528899878592,2.118353029166667,1.205482257257337,44.97234415200585,0.3712857036805556,36.32043433567318,8.651909816332694,14.032886631249996,,863.0,,911.0,0.0,46.33916202357243,31.13556491740055,38.16296028065536,53.70000109999998,7.400000099999999,0.0,31.817303274978837,6.3,0.0,79.5000007
2009-12-31,,22.833638257392483,,0.7620153431705124,,129.38500126043635,0.9354005336077152,0.8027968199761933,15.055756413793105,,,,9.623798275862066,,4.318951940860216,,,18.514686316532266,,,1.0909567923212773,24.687665621413412,,20.128463137172705,4.559202484240709,,,291.0,,291.0,0.0,,20.119806304058102,21.872209940160538,26.80000036,56.20000010000001,0.0,20.563911564393827,,0.0,37.70000046000001
2010-01-31,91.43634166666668,24.811105846774197,1.9251087229675967,0.8088721387111514,1.609478281181332,142.79845435592497,0.7998630656759008,1.0321017930402523,16.368223129032256,2.005796312302901,12.694876854166667,12.888158237903225,11.277024838709677,57.22554713172044,2.851864991935484,12.88951244453126,1.5085531811444368,21.95924085483871,164.45045778807466,2.2420043346774188,1.0370962886263526,25.85102026596254,0.101767253125,23.011517802417067,2.839502463545473,13.970691829301073,-0.19328138373655893,0.0,,0.0,0.0,22.066117273055266,23.83869588044809,24.980089122802696,23.70000012,108.70000140000002,0.0,19.393660905496823,101.2,0.0,30.30000065999999
2010-02-28,,50.115002617559526,1.234224349643197,0.8591574612662275,1.8404748944950704,185.87751791095818,0.9128051640421538,0.9026964521638929,19.055989892857138,1.1874230893848778,41.02517709970238,40.604451396577375,13.153224928571431,107.63975790922623,9.237179892857146,,,40.877822724702376,201.45482134077375,2.3002750840773807,0.972216513253362,48.214663120102,,39.44699553739799,8.767667582704046,16.06303512872024,0.4207257031249996,0.0,,0.0,0.0,,40.15301532319592,38.747447423679546,43.40000020000001,67.20000003999999,0.0,36.888930800458375,47.90000000000001,0.0,55.80000089999999
2010-03-31,73.81543682795699,97.152465547043,,0.802865204516614,1.8032488714991477,245.90514752913379,0.9746849280769204,0.8203732803845218,19.610056903225807,,87.32127205443548,,11.776699548387098,199.29846524899202,30.84198917405913,11.279327704207804,1.377633546364739,66.31047637298387,226.5472631706989,2.7997704616935484,0.9659634839962086,95.4776887454437,0.42561532513440864,64.4803315578927,30.99735718755103,15.611825006048386,,0.0,,1009.0,0.0,84.50054997191044,72.0875422553122,70.10247133903043,85.60000080000002,45.90000099999999,0.0,68.04635592875299,46.70000000000001,0.0,110.9000012
2010-04-30,70.9096173611111,119.15740773194445,,0.7271988888882949,1.8036100187206572,305.20342333526435,0.9929158161071426,0.7366053656258179,19.341058800000003,,,,12.106100366666665,229.96788406458333,47.69891997569444,10.322033670505053,1.2943991844151015,71.45848775625,238.43623434027774,3.590147768055556,0.974172815400775,115.3455458547034,0.5092108343055555,70.64204008507974,44.703505769623625,15.599706293055556,,341.0,,1055.0,0.0,104.96029103559923,75.1551627567297,74.29245462649659,109.90000030000002,61.6000001,0.0,75.25190434754077,57.10344827586207,0.0,141.20000009999995
2010-05-31,60.79121458333332,134.49550982325272,1.191263643336336,0.3678620613920791,1.9707434771869332,345.67115905953835,1.024720893717468,0.3610782540723293,21.570433903225805,0.9897766561724288,126.04082257152778,112.90154834791666,12.964680387096774,283.32269723549115,74.3665872923387,8.257369765993584,1.1326885253956631,60.128922530913975,263.47715230241937,4.881706297715055,0.8322144204795744,111.74731700049077,0.8316493247916669,50.81426193275272,60.933055067738046,16.898019112231186,13.139274223611107,26.0,,24.0,0.0,161.21484093723473,65.45326696307347,55.314945461414005,158.4000014,18.300000100000002,0.0,57.67147834854754,19.8,0.0,208.5000039
2010-06-30,58.96810972222222,176.38200970208337,1.0780923618385838,0.7182283267783025,2.513626161520314,361.63809317663095,0.9658983185300184,0.7241019628235345,26.149964066666666,0.9928960596953209,175.4383631701389,163.6056574979166,16.2055054,335.9274928944445,18.50457873263888,10.624615818965829,1.3283767978397578,157.87743096944448,263.47436094930555,4.784138006944444,0.9194392220028572,162.44341267354375,1.1852493636805554,145.93816755819202,16.505245115351652,20.687526547222213,11.832705672222222,6.0,,0.0,0.0,201.6010397382429,166.91570311869336,154.29392309452697,211.40000120000002,0.0,0.0,153.76730570737243,0.0,0.0,283.8000056
2010-07-31,64.66869825268817,165.2977133185484,0.8938644381543694,0.9927649046213464,2.4367255216098016,352.5361563386772,0.8670062567054659,0.9892537008609148,26.42900222580645,0.9987191040013568,184.66689999663976,184.92481215591403,15.554326741935482,345.12595731736116,-25.16301631115592,11.678220591913481,1.4103150288006618,190.46072962970428,255.05416925268815,5.2920175329301085,1.121914505126937,184.6879427039736,1.0264104928091398,212.9401049994466,-28.252162295472964,20.15574750201613,-0.2579121592741942,1.0,,0.0,0.0,204.0993773840628,207.96825606782616,232.50810162888948,236.3000054,0.0,0.0,234.30378467879842,0.0,0.0,320.50000430000006
2010-08-31,69.78608680555554,128.5666857372312,0.8231348625380753,1.018170825329207,2.3790475582738337,318.57335301800265,0.8255180683827716,1.0172513890313961,26.131137967741928,1.0152764236265082,153.69909477881944,156.19152047673612,15.021445064516131,,-21.884066231182796,12.980298856940575,1.5324325710045363,150.45075196841395,248.60575600604832,3.5760161794354843,1.2379462525395797,158.57756831040717,0.852170556527778,186.058166761688,-27.48059845128079,19.745136320564512,-2.492425697916667,20.0,,19.0,0.0,,164.18876981781727,203.0552097749392,202.5000021,0.0,0.0,205.53772801583438,0.0,0.0,278.8000046
2010-09-30,66.45299375,91.86776744861109,0.7607972890221054,1.0069324349301352,2.499322731671169,264.5102442051096,0.8475204279465308,1.0060649959400843,26.98696270000001,0.9903805619744352,118.98232492777781,120.75196477986113,15.019319200000002,,-26.44586564236112,12.476444499433244,1.4948467351433914,118.31363309097222,243.93850360625,2.6172043604166664,1.2999271879147185,119.59039873819613,1.004475996527778,154.0649606917907,-34.474561953594666,20.46769004236111,-1.7696398520833332,0.0,,0.0,0.0,,125.05767681621056,162.84945447404712,162.60000240000005,0.0,0.0,163.6366802160403,0.0,0.0,229.9000046
2010-10-31,72.4046498655914,55.54937854301075,0.7535219297605509,0.8694371666469023,2.0648677683999743,202.21706199499388,0.8937117756944515,0.905615579829018,22.44150429032258,0.9273375578279164,70.18052640833332,73.71965745,13.223533838709676,158.50384298958332,-6.1080118239247305,11.54846017183995,1.4075949482386836,61.657390366935495,229.2442489744624,1.9687078138440859,1.2112654888002563,68.36300710359356,0.6572728201612903,76.12448583157557,-7.761478727982032,17.584723554435485,-3.539131041666665,241.0,,241.0,0.0,75.4904365827836,67.19055807469715,82.95892650384118,91.90000090000002,29.1,0.0,82.65426810195669,24.70000000000001,0.0,130.30000120000003
2010-11-30,78.12969899425286,36.82997713055557,,0.7340957522876316,1.6440058272931617,151.50978122233317,0.8398556478154034,0.7892246927676886,18.118537566666667,,,,9.7722138,119.81001559722219,5.845580388888887,10.276792390717947,1.3113072711179043,30.984396741666664,202.88687483796295,2.1553242368055554,1.0591139170640325,39.926267825193094,0.3391938802442528,33.261791577387555,6.664476247805537,14.046810654166665,,863.0,,911.0,0.0,39.99612117904201,32.55364102957057,34.95363233408204,45.80000038,60.49999999999999,0.0,33.50469470612973,60.7,0.0,65.50000044000001
2010-12-31,,20.347147522849465,1.8617041183093,0.5791387222205336,1.6377262347841632,129.38500126043635,0.9354005336077152,0.5608254210898653,16.75783,1.7541495935365825,8.374085643817201,10.929313268817207,11.529666290322584,57.957758642473145,3.9186660006720433,,,16.42848152217742,170.2784921337365,2.301907325268817,0.9497375561711848,19.171650428129674,,15.345793477313366,3.82585695081631,14.17100931653226,-2.555227625,0.0,,0.0,0.0,,17.837896432710085,16.661883122595544,28.700000320000004,135.60000114000002,0.0,16.915868813984382,106.2,0.0,41.00000058
2011-01-31,,14.439588075940865,,0.5866296456198564,,142.79845435592497,0.7998630656759008,0.6196348797726648,15.081465548387095,,,,9.176472903225807,,3.585119804435483,,,10.854468271505377,,,1.4848809782555772,21.455507718588983,,15.629314354224654,5.826193364364335,,,170.0,,170.0,0.0,,11.770322888331537,16.953452272964256,30.200000300000003,34.0000001,0.0,16.812757423890986,40.8,0.0,41.800000540000006
2011-02-28,,53.02071359672619,1.2691998300859324,0.9164118549096896,1.5318204579223635,185.87751791095818,0.9128051640421538,1.0410476565511906,16.94100017857143,1.2481561349047492,40.10757722693454,41.77491387872025,8.875852607142857,142.42895711011903,0.4341289166666666,,1.1698076786819869,52.58658468005954,186.75998589657746,3.285201504464286,0.984632181415312,52.14161504284225,,51.653675452721565,0.487939590120661,13.02475506622024,-1.6673366517857144,0.0,,0.0,0.0,49.64826492234092,51.52526070553751,50.611464839418495,48.60000090000001,87.5,0.0,44.4435932961623,19.300000000000004,0.0,67.1000004
2011-03-31,81.00019959677418,77.55515721102152,1.1943485884079272,0.8652487469163858,1.8092336848729504,245.90514752913379,0.9746849280769204,0.8688234241541619,18.72950258064516,1.1103487875845446,67.53273748790322,64.9351102046371,12.360509612903225,156.18878188715274,9.350716067204301,12.655630571553939,1.5084571984642905,68.2044411438172,209.08003343965518,3.4654117343750013,0.9181399668908587,72.10062088738763,0.2945716106854839,63.32166797610228,8.778952911285309,15.715897214236113,2.59762728326613,0.0,,1.0,0.0,67.21347334267227,74.15756481601264,68.85301398273282,78.7000008,130.40000250000003,0.0,68.39086874987551,120.4,0.0,104.00000080000002
2011-04-30,65.04135129310346,127.78772017916666,,0.6638052485467376,,305.20342333526435,0.9929158161071426,0.6650036014022597,,,,,,267.02352324444445,59.45875558541666,,,68.32896459375,,,0.9698379991235612,123.46939710138749,0.6193162596264368,67.91694810270941,55.5524489986781,,,768.0,,768.0,0.0,,71.99737662635634,71.55312328983291,112.70000149999998,3.60000014,0.0,73.0449114505017,3.8000000000000007,0.0,145.50000110000005
2011-05-31,60.99849865591397,141.3744620255376,1.0760391836746301,0.5965769664192851,1.91222835876503,345.67115905953835,1.024720893717468,0.5922649116920881,20.775943516129026,1.0214733792295934,136.82695791095426,131.38412073689517,12.435852258064518,289.1852109280915,56.2318554079301,8.135168602125814,1.0866667568469288,85.14260661760754,245.7212962777777,4.890596432795698,0.9478012822902558,134.2053817862251,0.8186325504032258,82.94659894224516,51.25878284397997,16.3544791827957,5.4428371740591395,1.0,,0.0,0.0,156.98990126356318,92.60824603866438,90.21669947144855,152.10000159999998,27.30000064,0.0,88.85128277055655,23.700000000000006,0.0,197.20000149999998
2011-06-30,62.59392824074074,149.21692837083333,0.9159493145433488,0.8490103019144265,2.460877253129819,361.63809317663095,0.9658983185300184,0.8515751856625962,25.080435241379305,0.9593776452166696,171.2964006242284,162.90959117669755,15.459129241379314,322.61364953780867,18.463918977777773,11.391713706022363,1.3920131323125091,130.75300939305552,249.87470619871792,4.233178273148149,1.042939595351085,156.2918199663104,1.063791497839506,138.25554579881148,18.036274167498934,20.16217612731481,8.386809447530865,116.0,,110.0,0.0,183.71397008573032,138.23698757378284,146.17470361558603,166.9000018,33.500001,0.0,145.30582085093462,34.7,0.0,211.40000230000004
2011-07-31,66.20283888888888,147.86244137096776,0.7866613338535454,1.1298426808122704,2.621265695574025,352.5361563386772,0.8670062567054659,1.129512651136655,27.120834193548394,0.9938607674536516,187.6589133381944,187.96200475069446,16.699441806451617,344.16651503888886,-23.869391047715048,13.512639446108595,1.590379544462914,171.73183241868276,246.9398867763889,3.9988539027777774,1.26525435310412,186.80806229365209,1.0308861511111111,217.48453169196503,-30.676469398312978,21.277978122916654,-0.3030914125000003,21.0,,21.0,0.0,188.59399635265908,187.6920403652449,237.69376844578255,211.60000209999998,0.0,0.0,238.1298664499427,0.1,0.0,275.1000069
2011-08-31,68.05382661290321,125.6521125739247,0.7775896338881031,1.0567381041324109,2.546688863963178,318.57335301800265,0.8255180683827716,1.0587219797143288,27.380156774193548,0.9972665162060996,160.02237998185493,161.591805108871,16.05721777419355,310.01133969254033,-31.417607854166675,13.704699903086784,1.6044331240326224,157.06972042809141,244.68015492986112,3.1661455770833333,1.2818956353990296,161.15009652837878,0.9421167478494624,201.42692032704025,-40.276823798661425,20.93487474236111,-1.5694251270161288,0.0,,0.0,0.0,170.26638510743976,171.60856621837485,220.07022097313038,207.70000270000003,0.0,0.0,219.78897899428011,0.0,0.0,283.30000599999994
2011-09-30,66.56516451149423,97.0731210875,0.7936117031533605,0.9071047084883298,2.5960153823658647,264.5102442051096,0.8475204279465308,0.905895467348944,28.21419463333333,0.9795161864476056,120.80917011206895,122.31815723204024,15.43479126666667,239.1737090930316,-22.770113202083333,13.10355479734325,1.55306928809274,119.84323428958332,243.18479816041665,2.6834452215277773,1.231914708926102,119.8126149052266,1.0400960788793103,148.20898489403697,-28.39636998881032,21.100297606250006,-1.5089871199712643,14.0,,14.0,0.0,131.57959406738343,126.74321108999551,156.7411712336656,172.60000119999998,1.6,0.0,157.51240783554832,0.1,0.0,244.000002
2011-10-31,75.12338239247313,55.79058650604839,,0.7117383755621992,2.1125214955503826,202.21706199499388,0.8937117756944515,0.7063148056828135,23.44960767741936,,,,12.911442387096775,169.34578943985218,9.680927030241936,12.308038916395216,1.5253306679662395,46.10965947580645,233.75093372430558,1.956421691196236,1.1320206031895779,63.42801534364715,0.5919941338037633,52.56049034457077,10.867524999076387,17.974414476142467,,913.0,,1009.0,0.0,76.48956957190697,50.23807338357272,57.27071636815816,83.60000080000003,27.8000013,0.0,59.219842626719974,0.1,0.0,112.70000064000004
2011-11-30,79.69225666666667,24.435142255555558,0.9837873247369656,0.6000960717823312,1.5110070928430743,151.50978122233317,0.8398556478154034,0.6341810858350742,16.877917866666664,1.1633429719751676,20.261827144396555,24.554312224702386,8.771701266666668,100.88700254513887,1.3621832659722226,9.310356115186694,1.2279212628401768,23.07295898958333,196.43746028472225,2.1771018291666664,1.1805505833865588,28.894914883981013,0.3137586128333333,27.119878332715555,1.7750365512654511,12.851674084027774,-4.576002781994047,47.0,,66.0,0.0,42.469985055121555,24.222343126603555,28.47075937808281,47.50000054,22.0,0.0,27.87698343076673,32.89999999999999,0.0,69.20000080000001
2011-12-31,,19.506219209677415,1.3674178483295558,0.6871184683570383,1.3146894679164314,129.38500126043635,0.9354005336077152,0.7160452077895473,15.553369741935489,1.4288876975040343,10.252211120967745,14.265002635080647,6.112710419354838,98.79004141666668,-4.8390049758064535,,,24.34522418548388,191.79253869018814,1.985344508064516,1.0441748403267548,20.383086770129363,,25.433758582274013,-5.050671812144633,10.61950485080645,-4.012791514112904,0.0,,0.0,0.0,,26.38269863510307,27.562289885223688,34.1000003,4.3,0.0,25.619775630605254,6.7,0.0,51.90000073999999
2012-01-31,,23.298076280241943,1.317273241079265,0.5701632285298518,1.44703274549024,142.79845435592497,0.7998630656759008,0.6449900584238106,16.710262806451613,1.3724912119152397,15.90763786177885,17.73705575040065,7.415210645161289,108.46920823109566,1.4403576243279568,,,21.85771865591398,203.99673002243583,2.114124141203704,1.0509063282350564,24.274694081665345,,22.431128837724962,1.8435652439403782,11.958025829475305,-1.7789555902777778,97.0,,96.0,0.0,,23.705680700741762,24.334429537838947,40.20000108,48.900001,0.0,22.292714384368114,62.2,0.0,60.00000074000002
2012-02-29,70.85325462962962,49.04580276005747,0.9939603790651884,0.7797964618918305,1.6060946980101256,186.8531582592026,0.9142918460641216,0.8442568057585708,17.915852137931033,1.0765418145547558,47.881214076149426,49.34382073275864,9.754021482758619,148.3067536002155,-1.7857239597701144,8.908792683058461,1.1937805840804567,50.83152671982759,235.4979379001437,2.9034131587643683,1.090396514442486,53.120686308708535,0.4214720186728396,54.97167094449361,-1.85098463578506,13.810473687499995,-1.4626066566091955,0.0,,0.0,0.0,61.215538679786206,51.61301875165226,55.81626696869022,63.0000007,16.799999999999994,0.0,50.34200615029953,26.7,0.0,90.00000059999998
2012-03-31,72.18664583333332,68.66306879032258,1.0546423477734492,0.7633039390382373,1.6292941941179289,248.00112590801172,0.973950041451864,0.7711891184162719,17.764508967741932,1.0796586298497022,65.3846121061828,65.10554875336021,10.02264103225806,170.0477273911291,13.853274095430105,8.97622311091851,1.2110715222093262,54.809794694892474,208.74159677755384,3.253921999999999,1.0158092875076874,70.29176756266587,0.4182226719086022,56.17824809740471,14.113519465261176,14.011452641129033,0.2790633528225798,0.0,,0.0,0.0,74.48393969656266,59.49105829509759,60.97834675425899,81.60000079999998,69.30000129999999,0.0,61.01545113934928,110.7,0.0,110.70000120000003
2012-04-30,,106.07732048888892,,0.5515902818589263,,306.8884632374807,0.9969883563534414,0.5481438243305966,21.640785520000005,,,,12.90393932,,37.07090022986111,,,69.00642025902779,,,1.0200971905227012,106.52823323017306,,69.59783548617703,36.93039774399604,,,930.0,,1105.0,0.0,,72.75504659477805,73.3731173793122,134.50000250000005,54.200000100000004,0.0,73.6828164283368,58.90000000000001,0.0,176.8000021
2012-05-31,54.875154861111106,176.72535596102153,,0.7736775124683004,,346.5917789734725,1.0228844112808817,0.7715486046896283,,,,,,326.44127304872313,23.269901407258054,,,153.45545455376345,,,0.9760836148962638,172.79251449909,1.1478973876388887,150.35693218562955,22.435582313460447,,,1487.0,,1007.0,0.0,,167.4873452559263,164.10256462856898,210.0000016,0.4,0.0,164.71967391291844,12.599999999999998,0.0,286.900005
2012-06-30,53.44008482142858,168.06933519999998,1.0012186328167376,0.6599200563568598,3.1094012803102595,361.73422454258497,0.9629357389207758,0.6622726381371437,31.6919786,0.9803915549121051,174.03570401795974,167.70075375754308,15.875859,346.82020124201387,23.52701801736111,14.468754951000955,1.7428800765840768,144.54231718263893,262.6190182013889,5.874613984722222,0.9821850817245396,164.57320256437117,1.3485794898065475,141.1413061310899,23.431896433281334,23.400893352777782,6.170934335069447,1.0,,1.0,0.0,234.8184235259219,153.1421750780183,149.54153485224197,234.5000026,1.6,0.0,150.1388610578385,1.1,0.0,327.40000600000013
2012-07-31,62.760976478494605,176.98069906317212,0.9825050095714534,0.8208586406426285,3.4102560671992554,351.824081517837,0.864082493837356,0.8180324043566991,34.49805322580645,0.9945424849572247,184.89337233669357,180.1321085786291,17.093636870967742,341.60904242137093,-4.403600697580645,18.549358545043106,2.2432238681401167,181.38429976075264,253.00819724596766,3.91535547311828,1.0191950774726335,179.1490348863744,1.16703219905914,183.8782357257306,-4.729200839356269,24.98754312298388,4.7612637580645165,1.0,,0.0,0.0,219.69705774208808,198.96903913526202,201.70111833176682,247.90000419999998,0.0,0.0,203.08397252057625,0.0,0.0,341.200004
2012-08-31,63.39946458333332,131.70625142607526,0.8358012985769548,0.9493548414783376,3.25030251637185,317.0860598630025,0.8257128706561584,0.9551325754820712,33.973297280000004,1.0001121790609069,156.65346440694447,157.6213946670139,16.959844320000002,,-37.87242838642473,,2.215070345277631,169.57867981249996,251.10962207333327,3.4166954900000004,1.198058631138578,157.59849420423924,1.133828999375,202.8540912245923,-45.25559702035308,24.330403735000004,-0.9273525292338712,1.0,,1.0,0.0,,185.74984009590526,222.19846012336296,233.50000319999995,0.0,0.0,221.83230173524038,0.0,0.0,331.700004
2012-09-30,65.66315,102.9800950034722,0.8847509651992089,0.8198939913452897,3.0270559550540344,262.50035631009223,0.8497478108944614,0.8179257012336935,34.03804433333333,0.9956176326233228,114.65072377708331,116.39444211319444,14.747248733333333,254.38493127291665,-19.998103065277785,17.23575077896422,2.060650241251044,122.97819806875002,248.6814698807472,2.430335611805555,1.122980106396632,115.88435890725106,0.9600346773611113,138.287091273686,-22.40273236643497,22.983111759722213,-1.7437183361111108,0.0,,0.0,0.0,149.48215445124927,130.27443547419344,146.49150452786847,178.60000119999998,0.0,0.0,147.03662541597444,0.2,0.0,257.90000299999997
2012-10-31,72.41359097222222,61.924659431451616,0.8420289882826744,0.8032595924070821,2.4980701852221388,200.25966195601623,0.8926390259417404,0.7935028536747818,28.244048354838714,0.9719098850977472,66.88610622516026,73.6134001963141,13.173161387096775,179.3942035131945,-2.4345438897849454,15.451435894648448,1.835552984074799,64.35920332123658,232.9171427520161,2.277545026881721,1.1745167666848744,71.4763855760922,0.6751074631944445,73.42826567591726,-1.9518800998250516,19.95931061693548,-6.65608803794643,99.0,,97.0,0.0,93.03689026993628,70.30326248116289,80.20008128875972,103.80000080000002,17.199999999999996,0.0,82.187029745763,17.400000000000002,0.0,150.40000109999997
2012-11-30,83.55296875,32.601719325694425,,0.6564131113792193,1.7544230675942287,150.26469073522,0.8398890951765873,0.6638637262313092,22.45292573333334,,,,8.089181133333334,126.71254024107141,10.065672663194443,,1.474948275413957,22.53604666249999,192.80632247166668,1.4380432087053574,1.2054035039405122,39.6700451581848,0.2790189233974359,27.343024680802685,12.327020477382117,14.496983110863097,,1427.0,,1427.0,0.0,41.55966271042071,23.702744891650845,28.75924566666843,45.80000044000001,116.100001,0.0,29.991270985395737,99.5,0.0,65.50000093999999
2012-12-31,,21.618462654569893,,0.7100933457417089,,129.24332684070689,0.9352390569168194,1.0417828019896451,16.19888687096774,,,,7.269090064516129,,1.5721542883064508,,,20.046308366263442,,,1.0895602181171378,23.34469906240185,,21.775983160871654,1.5687159015301992,,,226.0,,220.0,0.0,,21.75027398549479,23.62458537518213,23.60000032,121.400001,0.0,17.064944529900618,104.09999999999997,0.0,32.8000005
2013-01-31,80.52350540123454,20.060736162634406,0.8346819933587971,0.6882352099902653,1.163534185829096,142.79845435592497,0.7998630656759008,0.8757393680422758,15.502604419354839,1.267125887553343,22.790846121279763,24.084988512648806,0.21942767741935496,123.19333031653228,4.03540129032258,5.272008885936076,0.938620298707936,16.02533487231183,204.06076406388883,1.815420937836021,1.518527524199665,30.454087086223684,0.21683288757716052,24.45542158144061,5.99866550478307,8.14713494455645,-1.2431408608870966,3.0,,0.0,0.0,34.07952929656145,17.30398294774853,26.402021953290557,30.5000002,24.80000004,0.0,20.981105947879747,5.9,0.0,43.30000048
2013-02-28,72.52926934523809,50.755461051339296,0.8982380261167238,0.8677616916843768,1.3867550345794233,185.87751791095818,0.9128051640421538,0.8622182714796262,19.21204475,1.010544507036934,53.72949051697532,56.61386914814815,2.1016912857142858,176.64016036458332,8.27774099330357,6.210448153311397,0.9981900199960902,42.477720058035715,238.91844249925597,2.6086814895833337,1.1251812678525854,57.101403944451675,0.3885650145833333,48.02199112783956,9.07941281661212,10.844620145833336,-2.7760899367559517,1.0,,0.0,0.0,60.632699039680546,41.51001184775557,46.927134870706155,54.4000009,8.5,0.0,47.237276918808135,8.6,0.0,75.5000012
2013-03-31,68.77096205357141,80.70819015860215,,0.4890186632265988,1.8666791726207312,245.90514752913379,0.9746849280769204,0.4848116033740142,23.552927838709692,,,,7.798251290322582,214.79738451041663,41.552165867607535,10.04042403307065,1.286112371164233,39.156024290994615,243.121380530914,2.8943703595430104,1.0265474251880784,82.82003993986808,0.5647889308035715,39.669320125097904,43.150719814770206,15.49321138172043,,865.0,,865.0,0.0,105.28169179564121,42.53610844580291,43.0970972437005,92.70000090000002,30.30000104,0.0,43.99432843143207,15.8,0.0,122.60000060000002
2013-04-30,54.32002916666667,114.54926761874997,,0.4165210008379026,2.474891500863916,305.20342333526435,0.9929158161071426,0.4215934555786817,28.11966166666667,,,,12.450974166666667,,61.55823373819445,10.760441455832437,1.373721039761306,52.99103388055554,269.3126560014369,5.272751775694445,1.0482465228024682,119.88496421774927,1.0932664869444442,54.8797091681089,65.00525504964037,19.719818074305557,,529.0,,527.0,0.0,,55.9616376236909,57.961212307803905,151.300001,10.9,0.0,58.27281698004346,23.00000000000001,0.0,201.70000180000002
2013-05-31,,144.69675847379028,0.9554943284146858,0.5709930209487067,2.7835547494402904,345.67115905953835,1.024720893717468,0.5710259130368438,29.638044516129032,0.9895839281950104,159.09783420617813,151.729297533046,14.977545387096775,322.48406434576617,39.407141024865595,,,105.28961744892473,259.66073905241933,5.3444452990591405,1.036980590317662,149.85916963542,,109.66808275887772,40.19108687654225,21.869976869623653,7.661290659274192,2.0,,0.0,0.0,,115.12655283415457,119.91390137309092,206.10000120000004,6.3000002,0.0,120.13400238016784,2.3000000000000003,0.0,283.60000899999994
2013-06-30,,151.5201902006944,0.8149657631104064,0.972069338261836,3.4208314449241013,361.63809317663095,0.9658983185300184,0.9717911357352566,32.60646066666666,0.9981265848417172,188.98861029836308,185.1077713333333,18.329023099999993,330.0989550777244,-24.146493930555557,,,175.66668413124995,259.673388512931,4.7847438208333335,1.2275222989220207,185.5738447249324,,215.3953110603257,-29.821466335393357,24.93539209409721,3.066456191666666,4.0,,0.0,0.0,,186.51080564895923,228.70911754030536,240.7000054,3.2000001,0.0,231.7532775031759,2.5,0.0,337.70000600000003
2013-07-31,,143.14740365053763,0.7879232328409821,0.933926540732872,3.4799298008083634,352.5361563386772,0.8670062567054659,0.933727322746999,34.51870919354838,0.9961619088141614,180.27621345631718,181.67684069220437,18.060472903225804,,-34.161852975806454,,,177.3092566263441,260.1334756555555,3.8849583918010753,1.2636402536871822,180.9795484112726,,224.25536766872148,-43.27581925744895,25.383309585349465,-1.4006272358870973,0.0,,0.0,0.0,,194.59014747626426,246.12076578268162,264.4000019,0.0,0.0,246.9431221124057,0.0,0.0,369.20001099999996
2013-08-31,,125.41395858534942,0.7709361974882831,1.0159051041719425,3.2699979310062584,318.57335301800265,0.8255180683827716,1.0169550611971434,33.64087251612904,0.9913546874960908,161.68774743402778,162.58721336527782,18.27224812903226,308.6232525701388,-25.88973952150537,,,151.30369810685482,250.83419226612912,3.840714689516129,1.2867666413292314,161.27108329599017,,194.74085808567108,-33.469774789681004,24.609350823252694,-0.9897335221774196,1.0,,0.0,0.0,,165.89867196039475,213.5302807725742,212.10000150000005,0.0,0.0,214.24932171046356,0.0,0.0,293.30000500000006
2013-09-30,62.636823611111105,92.40003447430556,,0.7226007355248146,3.0960906235823065,264.5102442051096,0.8475204279465308,0.719703693238522,32.27284686666665,,,,16.900215633333328,,-4.464179447222218,17.3830584138855,2.0772432591378607,96.86421392152779,251.53860339027787,3.4488612409722226,1.1726084175662337,108.63910044651243,1.018847364444445,114.3791514262644,-5.740050979751973,23.727920076388887,,625.0,,625.0,0.0,,102.75967825621292,121.34297878782871,162.90000160000002,17.5,0.0,121.45128092292393,15.3,0.0,230.20000249999998
2013-10-31,60.3975236111111,56.86435413642472,,0.5311305195581906,2.281316467009688,202.21706199499388,0.8937117756944515,0.5265854520151036,28.12272119354839,,,,10.597231225806453,194.04923126814515,12.788035007392473,11.5473217814696,1.3986200255620644,44.07631912903228,245.0358678256944,2.394592618615592,1.1462757122902858,64.95725109305947,0.8798417834722224,50.57944941315834,14.377801679901133,18.579871312836023,,767.0,,767.0,0.0,106.82042056634393,48.05064825089981,55.13844293281245,110.00000130000004,0.0,0.0,55.21962163556383,0.0,0.0,162.50000039999995
2013-11-30,69.12552700617283,34.17717039791667,,0.5623121688496392,1.7942641603714735,151.50978122233317,0.8398556478154034,0.6417632265215314,22.161717933333332,,,,8.753214100000001,123.08007667948719,-2.339465981250001,10.223109799095887,1.299264036179288,36.51663637916667,218.2137791630746,1.9374168125,1.0327531080367764,35.81502836897676,0.5276670878858024,38.341635966966145,-2.5266075979893783,15.109194471264367,-2.218038419753086,27.0,,22.0,0.0,58.354199868230275,38.437096986439535,40.35897567948968,60.00000064000002,29.500000099999998,0.0,35.60137170590864,25.599999999999994,0.0,91.40000070000002
2013-12-31,,19.360325490591407,,0.5842963943554312,1.1343726638684808,129.38500126043635,0.9354005336077152,0.5929928458582714,16.443290774193553,,,,-0.5868513225806451,110.73552040958334,-1.1585563743279568,,,20.518881864919354,203.87007395902782,1.7352798965053766,1.0052735255207437,19.420439448919822,,20.54479498664068,-1.1243555377208567,7.72108074361559,-4.325471338333332,33.0,,28.0,0.0,,22.16165306479371,22.187693351233076,36.50000036,11.0000001,0.0,21.61120850939228,15.599999999999998,0.0,56.7000006
2014-01-31,72.41582661290323,24.144067813172043,1.0630225138341314,0.4639613752985779,1.4861757058233882,142.79845435592497,0.7998630656759008,0.5068170933721965,20.629863903225807,1.1438069678712943,22.712166342069892,22.712658950268807,4.154389032258064,116.38802392204302,1.690973477822581,7.420360303588714,1.0832769564282267,22.45309433534946,205.73019718212367,1.5476010403225806,1.0676740688900659,25.9788975662018,0.40289874939516135,24.218924052790356,1.7599735134114434,11.892166886424732,-0.000492608198924651,0.0,,0.0,0.0,41.63003897943661,24.333330849692274,26.247938001407782,55.200000500000016,4.300000099999999,0.0,25.59210458794883,2.3,0.0,86.00000060000002
2014-02-28,76.4078298611111,41.01094920461309,0.9434089375751832,0.7521332800508346,1.8021869492980969,185.87751791095818,0.9128051640421538,0.7445919026617052,21.217227142857148,1.0621568501831975,43.23909673177084,43.47102043576388,10.929853392857146,132.41610685937502,2.001677652529762,11.718417547708569,1.4475028341071243,39.00927155208333,214.11637471875,2.746989331597223,1.1381911324789808,46.173042140300396,0.35468411519097226,43.950792223669964,2.2222499166304313,15.191990527777778,-0.2319237039930559,77.0,,77.0,0.0,55.93252588281938,38.310764387067316,43.16169290449869,58.50000059999999,109.4000011,0.0,44.11127795278554,121.39999999999998,0.0,82.50000159999999
2014-03-31,66.50515948275864,68.86271297110216,0.9315582288079091,0.6476564367027297,2.087350686785031,245.90514752913379,0.9746849280769204,0.6457687277033345,24.07611154838709,1.0268368852146421,73.12463272126436,73.92207039942528,11.746244806451616,198.01273896982758,11.442609383736556,12.093176666424824,1.4757961526305217,57.42010358736561,230.0755056272321,3.117697745689655,1.0974740781267092,75.90590851756332,0.6131959181752874,63.52403907543656,12.381869442126774,17.563287159482755,-0.7974376781609195,20.0,,20.0,0.0,107.74616850705732,62.54992755855094,69.19950279209739,104.800001,50.700002000000005,0.0,67.556392332706,30.4,0.0,144.40000009999997
2014-04-30,65.69124652777778,109.11058888472219,,0.4578805462734434,2.3463353991710623,305.20342333526435,0.9929158161071426,0.4618200546581092,26.91555876666667,,,,12.240692266666665,265.7116339120371,48.404264019444454,13.377221662250935,1.6065865107241375,60.70632486527778,241.4846119030172,3.5032183086805553,1.083348205827353,116.41224834750864,0.7569434604166667,65.72479247752463,50.687455869984,19.12033797465278,,673.0,,673.0,0.0,140.54627028974772,64.07317059899631,69.37343520048199,153.70000159999998,28.000001,0.0,69.49660089607994,34.70000000000001,0.0,210.0000039
2014-05-31,48.16076041666667,135.80587492741932,1.0343629908157184,0.20570360647972127,2.9503374341310677,345.67115905953835,1.024720893717468,0.2029099353044949,31.441140612903236,0.9899018121264618,142.59818172569445,131.29421308888888,15.095790580645161,,91.33549807459677,12.894085397894823,1.556793544812493,44.47037685282258,255.66888354027787,4.719775283938171,0.9566049745103656,129.96837945840895,1.4083040017361113,42.9208212534994,87.04755820490952,22.845990372311825,11.303968636805555,47.0,,47.0,0.0,,48.708590018326426,47.01208312987669,223.2000028,0.0,0.0,47.590108805605794,0.1,0.0,312.40000299999997
2014-06-30,53.74772569444443,167.11168490277774,0.8994322267638347,0.7517151635393456,3.4044181814313763,361.63809317663095,0.9658983185300184,0.7499798578347936,33.774635366666665,0.9901154626749648,191.23875634930562,185.79686154236103,17.471736899999996,351.45167548341044,7.531858082638882,16.969233717670782,2.0229464936535977,159.57982682013892,257.54847825625006,4.173868314583333,1.0990583807870302,183.96034552957119,1.3814716877777775,178.15859755635987,5.801747973211393,25.118738082638878,5.441894806944445,0.0,,0.0,0.0,221.53738923208027,169.43037271859018,189.1591308965453,252.4000056,0.0,0.0,191.18002506338127,0.0,0.0,355.00000799999987
2014-07-31,63.17150067204303,160.84998311626345,0.8530942717737777,0.9811261032649312,3.6053345159968724,352.5361563386772,0.8670062567054659,0.9849660280668026,34.73714716129032,0.9935135487149804,189.67081817372315,188.54889598756716,19.57420322580645,322.21605752011493,-22.446853823924734,20.212415679228894,2.4735845288328933,183.29683694018814,254.5504585456989,3.6597045510752677,1.1678102217364614,187.3258827588997,1.1317499871639782,213.913848276644,-26.587965517744326,26.29102,1.121922186155914,4.0,,0.0,0.0,207.2609541578499,201.29128659080615,234.9228634428593,243.80000680000006,0.0,0.0,238.11954342726912,0.0,0.0,339.70000699999997
2014-08-31,66.51390994623657,138.46792647715048,0.8827426858123277,0.9699513874059392,3.3841648670246665,318.57335301800265,0.8255180683827716,0.9698815645153168,34.122953,1.0040861664589382,155.7172710282258,156.86102949663982,18.596727387096774,,-21.607393594086016,19.81791258050621,2.406782153247784,160.0753200712366,259.3490649959678,3.20972832123656,1.1375383832893022,157.50198977408346,0.9773827137768816,182.13626373235627,-24.634273958272747,25.246863050403228,-1.1437584684139783,0.0,,0.0,0.0,,175.6432991795061,199.85254384159927,207.50000269999998,0.0,0.0,200.54049282323035,0.0,0.0,285.400005
2014-09-30,,109.06672372638893,,0.7172559707782888,,264.5102442051096,0.8475204279465308,0.7164759399493054,34.46053796666667,,,,17.815679166666673,,6.157297947222222,,,102.90942577916668,,2.7003380308333327,1.0816579946594451,118.21931326514284,,111.86308770705291,6.3562255580900135,24.927967111249995,,16.0,,16.0,0.0,,109.151775711122,118.63915381778912,162.9000013,10.1,0.0,119.01038835303291,6.299999999999999,0.0,228.60000610000003
2014-10-31,62.448526580459784,56.95367986962365,,0.5027685459156976,2.85990161422077,202.21706199499388,0.8937117756944515,0.4853250864146008,31.175223709677425,,,,14.30009,179.26461007728497,17.318982209677422,15.650465287395553,1.8277294318623525,39.63469765994625,235.60050347341962,2.062358110887096,1.23296144245122,68.85472418547289,1.020892251652299,48.22138041386114,20.633343771611763,22.138332304435483,,720.0,,720.0,0.0,108.33200037548063,43.36807576249836,52.75542301561981,117.50000090000002,11.3,0.0,54.789758398726036,10.9,0.0,173.10000289999994
2014-11-30,77.18388472222223,29.834923736805553,0.8340947324383022,0.8093635736195389,1.93380017803446,151.50978122233317,0.8398556478154034,0.8278019639347861,22.66342766666667,1.2639800230812055,32.166041860632184,35.75485304813217,10.961794866666667,112.49788690555555,4.007884974305556,12.965757276151914,1.5529225491455716,25.8270387625,186.03240629930545,1.6946790923611113,1.5326906197435683,45.21158823678696,0.3808776288888889,38.98856966619947,6.223018570587484,16.386758040277773,-3.6031850347222223,1.0,,0.0,0.0,44.96247062527159,27.19560422215965,41.054551150417524,50.600000400000006,38.4000001,0.0,40.95914184710356,43.1254,0.0,73.40000048
2014-12-31,,20.005440898521503,,0.5352947968483661,,129.38500126043635,0.9354005336077152,,18.545927566666666,,,,12.263733666666667,,0.3569199045698923,,,19.648520993951614,,,1.3099601230374982,28.80377449226473,,30.171239012639013,-1.3674645203742792,,,234.0,,232.0,0.0,,21.353105199544924,32.76239751376517,29.600000259999995,203.0000001,0.0,16.137810125735662,191.89999999999995,0.0,41.70000048
2015-01-31,84.20887946428572,15.241792744623654,0.5565539726196244,0.4358635675444503,1.4648238553588462,142.79845435592497,0.7998630656759008,0.4505292067906302,18.42027258064516,0.8937024575595449,26.520476146634607,27.38843907451923,6.021813838709678,102.1982174089506,4.589012758736562,9.581198172014606,1.2561490462070606,10.652779985887095,157.1252465989583,1.2969127336309525,1.668300724857466,24.474944576117643,0.20867480915178568,16.502349466704494,7.972595109413151,11.822214116815474,-0.8655340059523808,38.0,,37.0,0.0,33.07250424317242,11.563274508181467,17.907513982124343,34.300000399999995,0.0,0.0,16.367953882606944,4.4,0.0,47.50000070000001
2015-02-28,77.40833974358975,48.42924487053572,0.8477894799386646,0.8748232179659342,1.8957950893563928,185.87751791095818,0.9128051640421538,0.9506088658368784,23.095565428571426,1.1179614444749648,55.47986411939103,57.1241399150641,10.474565642857145,141.22692798798082,4.053874029017857,12.796129264535509,1.5549722868724185,44.37537084151786,211.35231958092945,2.4225965331790125,1.3456466068050263,63.862585973835046,0.34082280248397434,58.0852678159479,5.777318157887149,16.19422054398148,-1.644275795673076,13.0,,13.0,0.0,58.833473072354806,43.59001553184084,57.061142239892895,55.30000079999999,55.000001,0.0,49.88119039928397,53.70000000000002,0.0,74.70000060000002
2015-03-31,66.22006048387097,93.55407427217742,,0.6892720569324814,2.2930407170487035,245.90514752913379,0.9746849280769204,0.6858441908371851,26.768837935483862,,,,11.442665161290321,215.6561841700269,35.168954190860205,13.277464399482705,1.5674810651657354,58.38512008131718,243.73548096944444,2.602191452284946,1.0636805134387388,99.44379725908487,0.7051589362903223,61.99731841719574,37.446478841889146,18.626717801411296,,1297.0,,1297.0,0.0,115.67851123041591,63.6408406673014,67.57028620837187,106.4000021,5.9,0.0,68.09413352342754,0.5,0.0,141.90000080000002
2015-04-30,54.48460763888888,119.39467084652777,,0.2945623930561179,2.228278997840953,305.20342333526435,0.9929158161071426,0.2957737499288095,26.024356066666666,,,,10.707245966666667,281.07703586076394,81.58864177013888,9.854442873274934,1.2723105985353969,37.80602907638888,254.75279731111115,4.298285678472221,1.0098919228612335,119.82139463410982,0.9559683993055554,38.20491524106023,81.61647939304962,18.224383661111116,,1440.0,,1440.0,0.0,163.1242773096468,39.861175680318034,40.277107999178966,147.10000200000005,31.2000011,0.0,41.38492728277173,0.4,0.0,195.7000043
2015-05-31,63.558777553763456,153.53542630510753,,0.637746081649629,2.292356081098301,345.67115905953835,1.024720893717468,0.6357102786732889,26.04080106451613,,,,13.152767741935484,,60.29240097379032,13.084113846901287,1.5364358421209316,93.2430253313172,238.80297842430556,4.673726797715053,1.069344582803428,164.47229277780752,0.7457186813844087,100.04103560486044,64.43125717294708,18.928087591397848,,335.0,,335.0,0.0,,101.65062863122722,109.05808320649643,173.60000300000002,0.0,0.0,108.94713277396774,0.1,0.0,228.60000290000005
2015-06-30,55.27700694444443,189.17782026736103,1.008816916267791,0.768143172073548,3.5312421192110217,361.63809317663095,0.9658983185300184,0.7661587998985642,34.51899113333334,1.0053192731936405,191.06755674444443,187.52443304305552,18.020096399999996,,14.13630093402778,17.94337749637675,2.157084527266577,175.04151933333335,247.55065331527786,3.930302995138889,0.9977250699434768,188.52192673289403,1.3741575919444444,174.02454041722729,14.497386315666795,25.71133827847222,3.5431237013888888,1.0,,0.0,0.0,,185.98663895529162,184.90409326989158,237.70000490000004,3.4,0.0,184.9833871427041,2.8,0.0,328.000002
2015-07-31,60.64583266129033,172.6723348615591,0.9038963906877052,0.982813584850518,3.5390950950034585,352.5361563386772,0.8670062567054659,0.9865127631798504,33.80988890322581,1.0050112829045892,192.56477690490595,191.0311144512769,19.942054903225802,,-9.285941857526883,19.57076701674104,2.3653308819658228,181.958276719086,243.8158157163979,4.063463751344084,1.116977230184983,191.9884254093712,1.1737642130376345,202.93584352644402,-10.947418117072806,26.08093439650538,1.5336624536290322,1.0,,0.0,0.0,,199.8163792136669,222.8557682200169,228.10000149999996,0.0,0.0,223.10283258491856,0.0,0.0,309.40000360000005
2015-08-31,61.983141129032276,136.23361418481184,0.8332993432225702,0.8998694249630423,3.4921124805446673,318.57335301800265,0.8255180683827716,0.8986801659589391,34.802661161290324,0.9904644158103588,162.07732612365598,163.4870053514785,19.095556354838713,295.4833127674732,-12.043170220430104,19.389046816027182,2.334248167036603,148.27678440524195,244.64283407056442,3.1732176888440864,1.1871688825897566,161.92806124803718,1.1578643135080644,176.30732583130504,-14.379264583267863,25.73043689919355,-1.4096792278225805,0.0,,0.0,0.0,193.7916873402759,162.74961604475425,193.51603379747695,216.80000159999997,0.0,0.0,194.80654515283953,0.30000000000000004,0.0,301.500005
2015-09-30,54.53605282738096,87.8620970277778,,0.5555483644305296,3.329329835865352,264.5102442051096,0.8475204279465308,0.5531257461446922,34.441356966666675,,,,15.964360166666665,227.59105089131938,13.426950199305557,16.290987587782435,1.92190111945237,74.4351468284722,239.62845102157738,2.216250783333334,1.1901022069661638,106.32174360815937,1.4044674808035713,91.75603867180322,14.565704936356136,24.511516650347218,,960.0,,960.0,0.0,146.7282182025225,79.01198094554759,97.40751174317955,173.0000021,2.7,0.0,97.99926001421028,0.5,0.0,249.60000330000003
2015-10-31,59.35936357526882,58.433237231182794,1.1696909150451262,0.17423313718055472,3.010481843685235,202.21706199499388,0.8937117756944515,0.1640548879914304,32.63283135483871,1.0411764198899711,57.1995376108871,49.956134975134404,15.622150967741936,174.31468757258065,38.56518524596774,16.273770067515915,1.9177433046264465,19.86805198521505,238.68188455902774,2.255200449932796,0.8857638449105791,52.01314976495059,1.1036459090725808,17.666869888157102,34.346279876793496,23.243174579301076,7.243402635752688,0.0,,0.0,0.0,117.41144175472226,21.75782069569744,19.347727864009713,120.4000006,2.5,0.0,20.590766633248773,2.2,0.0,176.60000030000003
2015-11-30,69.88554166666667,35.044834618749995,0.8667298105039325,0.8302809535045197,1.6265719341595102,151.50978122233317,0.8398556478154034,1.0819320691810248,19.787771166666673,1.2196742698841618,29.77304919583333,40.43340172916668,7.235418766666666,122.61489087430552,1.5511465229166659,8.95563085277128,1.2156757329357275,33.49368809583333,188.20954934913794,2.299429571875,1.4440365616050148,49.31557973295436,0.3985769429166666,47.251461264540474,2.064118468413893,13.377932087500005,-10.660352533333334,0.0,,0.0,0.0,50.092116270476254,35.165578755681175,49.60290466794336,46.20000054000001,36.9000001,0.0,38.044655204583066,44.50000000000001,0.0,67.10000079999999
2015-12-31,76.12251149425286,24.542590346774197,1.0566818432513274,0.8270846973519699,1.4076040030645838,129.38500126043635,0.9354005336077152,0.9394629994401312,16.25086396774193,1.1651189063123737,15.78836106465517,23.226092606321842,6.946336774193549,87.85601540948277,-0.6140097822580645,8.23910559565012,1.137113706773894,25.15660012903225,186.6351927126437,2.5416886597222232,1.140507332765311,27.061159615387613,0.25839074037356324,27.127511757689945,-0.06635214230233806,11.417692223958335,-7.437731541666666,16.0,,16.0,0.0,33.57870735497313,27.26455850562942,29.400693189107784,31.200000459999995,52.7000005,0.0,25.84890911266149,60.20000000000001,0.0,46.10000072
2016-01-31,,24.37213774865592,,0.9019231431147928,,142.79845435592497,0.7998630656759008,1.0121468716491686,,,,,,,3.2311134650537645,,,21.141024283602146,,,1.345455126997816,33.981521652954456,,29.491453605088587,4.4900680478658845,,,450.0,,450.0,0.0,,22.972321567614628,32.05257383390662,30.50000064,128.80000114,0.0,27.731509410903755,124.7,0.0,42.00000038000001
2016-02-29,74.55463002873566,54.61734200574711,0.8906306915003391,0.9447984905329556,1.9245735632820409,186.8531582592026,0.9142918460641216,0.9694174116380324,23.291276482758626,0.9950693134767544,61.32742863318453,61.25291809077381,9.71503544827586,155.91696282399428,7.076564154454021,12.478358253567052,1.5155125379030607,47.540777851293115,208.60714883556545,2.025234672772988,1.1241034110758377,61.02197188155536,0.41622106896551736,53.60223189167286,7.419739989882505,16.173742095186785,0.003085640086207138,1.0,,0.0,0.0,62.423498467199515,48.38916384148117,54.551588231847255,58.00000079999999,17.0,0.0,53.768750013069045,1.3000000000000005,0.0,79.20000130000003
2016-03-31,72.34162701612901,87.12639612096773,0.9948530942938412,1.0432125844381521,2.087386208257293,248.00112590801172,0.973950041451864,1.0480257184413626,23.33974458064516,1.059099042736627,87.79025206787634,87.57714744086022,13.108594806451617,180.32064681451615,10.110529313172044,13.817293218647116,1.6423185321455431,77.01586680779567,222.09792092222224,3.2687201730510758,1.061602423821479,92.75287302021944,0.4502979702956989,81.94452665939029,10.808346360829184,17.815373277217745,0.21310462701612928,0.0,,0.0,0.0,92.37071246052048,83.88824370793867,89.25684069621398,83.5000007,103.1,0.0,88.69173748756796,113.69999999999996,0.0,108.5000015
2016-04-30,60.256932638888884,122.95072840486117,,0.6183896818662975,2.4269148215328764,306.8884632374807,0.9969883563534414,0.615841786037546,26.95097024137931,,,,13.620942999999995,266.94969812222223,54.053860667361114,13.148124742685619,1.5724746098949447,68.8968677375,252.39505653951144,3.885502366379312,1.0064477611744218,123.372850060649,0.8496401862499998,70.50748806857122,52.86536199207777,19.855644665229878,,865.0,,865.0,0.0,150.33226627435022,72.77519171502584,74.47688735263985,130.40000160000002,31.0,0.0,76.20398609074445,33.1,0.0,167.40000220000005
2016-05-31,55.595628360215066,126.96024445967743,,0.12080618371530367,2.8406274598116945,346.5917789734725,1.0228844112808817,0.1194508967369822,29.79585732258065,,,,15.281412967741936,301.5524365043683,105.90685533803763,14.222583911702687,1.6772738539649212,21.053389121639785,256.3561960396505,4.7499644845430105,0.9779819429085664,124.49478899181436,1.1633536058467742,20.720982123647854,103.77380686816645,22.07281775067204,,1488.0,,1488.0,0.0,202.57558085912055,23.06791612149601,22.704310711523608,173.60000220000003,6.9,0.0,22.303308680919862,0.4,0.0,224.30000189999998
2016-06-30,46.84110972222222,163.19949613958332,,0.42587651463519743,3.5861481398296062,361.73422454258497,0.9629357389207758,0.4231888972386921,34.97545390000001,,,,17.496152399999996,,65.68161327569443,15.938833681638606,1.8922672345518283,97.51788286388887,248.38246880833333,4.152080084722221,0.9424757396540094,155.16128726079089,1.6938809052777777,96.22331184445395,58.937975416336926,25.851760607638894,,298.0,,287.0,0.0,,103.75139731030475,102.3880184785724,227.600004,0.0,0.0,103.132737978099,0.0,0.0,310.900004
2016-07-31,56.107576612903216,167.47087882997312,0.8737415917704218,0.9448308447678012,3.5377426454972296,351.824081517837,0.864082493837356,0.949775251627789,34.84985464516129,1.0119809574688154,192.24543862768815,191.67094757459682,18.383089354838713,346.0062499895833,-18.459210442204302,18.47668780733169,2.2209013113574447,185.93008927217755,249.60010488709682,3.1843188030913976,1.1700214811474088,193.9673490454956,1.3168413341397849,217.6714091275135,-23.704060082017943,25.824404668010754,0.5744910530913973,1.0,,0.0,0.0,219.82856760534256,204.09950580966344,238.96795839607933,253.10000130000003,0.0,0.0,238.88874683538182,0.0,0.0,350.400008
2016-08-31,61.79111223118279,127.85324703360216,0.8383860604306718,0.9419729380445848,3.1834655418826845,317.0860598630025,0.8257128706561584,0.9449008740213722,33.75151474193548,1.0092503712213636,149.2402208326613,152.49925191733868,17.26278277419355,305.851998297043,-26.29241976948925,17.899156676697334,2.1259926609687056,154.14566680309142,254.88223282594086,2.989546352150538,1.2013123946497708,153.90992660855426,1.0574728809139784,185.6184415262602,-31.708514917705866,24.148040018145156,-3.2590310846774195,0.0,,0.0,0.0,192.35642064341624,168.94867369522498,203.44768974548745,215.40000240000003,0.0,0.0,203.4533157832945,0.0,0.0,299.1000023
2016-09-30,57.84887569444446,100.90435276527779,0.8761381324811478,0.6833186105590692,3.0836148748468055,262.50035631009223,0.8497478108944614,0.6778835949916039,33.59887423333333,0.9813990941705399,115.14829919907407,115.16945676080248,14.878428333333336,250.04926446597224,4.737608350694447,15.935182936334591,1.8893002563051384,96.16674441458336,233.87555115763885,2.0420535937500004,1.1208288216653288,113.02720054116472,1.194314618541667,107.70574339393231,5.321457147232434,23.242216213888888,-0.02115756172839495,97.0,,97.0,0.0,142.32099998533255,101.91000825578287,114.13755771578438,169.20000239999996,0.0,0.0,115.9462383121346,0.6000000000000001,0.0,241.9000016
2016-10-31,69.07542741935484,46.79127804435483,,0.4297131827971644,2.4529778657144257,200.25966195601623,0.8926390259417404,0.4311312635974644,27.62571151612903,,,,13.808777129032256,148.8974585772849,15.969770026209678,15.11562069017781,1.7855805919913081,30.821508018145167,213.3472792116936,1.8011908178763445,1.1226136152144035,52.491701595129136,0.6673972737231181,34.61405146831209,17.877650126817038,20.09899313844086,,1488.0,,1488.0,0.0,79.97758399191653,33.64069899738958,37.779993229691264,87.80000164000002,106.80000109999999,0.0,37.868937422514406,88.19999999999997,0.0,124.90000090000002
2016-11-30,78.51641388888889,35.726859441666655,,0.6704943137433902,2.0374268267145395,150.26469073522,0.8398890951765873,0.656197759660356,22.828793799999996,,,,10.582325,114.06474633194445,14.347067013888884,13.962839263317811,1.6709788858812065,21.379792427777776,191.3250531520834,1.6142792736111111,1.1596923350348394,40.999663747404796,0.3463632790277778,24.85706572207553,16.142598025329274,17.032091171666668,,383.0,,383.0,0.0,45.51938160142521,22.532639907534872,26.19654880565053,44.20000070000001,30.5,0.0,26.803980549973602,31.90000000000001,0.0,62.0000007
2016-12-31,75.88331169871796,23.14065315389785,1.0647442981958506,0.7427923634334193,,129.24332684070689,0.9352390569168194,1.0917921479892825,16.03440626666666,1.2582465153834408,15.025637077724367,21.733530945512825,7.878584391666664,93.00755167147436,0.11814968750000025,,,23.022503466397854,144.7429469983974,2.2697168165064103,1.1829203223557394,27.346139579169694,0.2538240146634615,27.256271804292346,0.08986777487734805,,-6.707893867788463,96.0,,96.0,0.0,,25.114502374165372,29.73188106320268,31.00000030000001,61.60000004,0.0,23.750703099682685,86.5,0.0,45.60000033999999
2017-01-31,,19.829155692876345,,0.7722748205816536,,142.79845435592497,0.7998630656759008,1.026535981798116,16.88705077419355,,,,9.857024548387097,,0.19062389516129055,,,19.638531797715046,,,1.4227801111123557,27.92792860423708,,27.390344626086772,0.5375839781503089,,,128.0,,128.0,0.0,,21.39037602281406,29.830556802294694,32.00000041999999,212.7000014,0.0,24.468598306762924,230.8,0.0,45.10000078
2017-02-28,,51.44907999330356,,0.9559446660532932,,185.87751791095818,0.9128051640421538,1.6617327185847477,20.557562321428573,,,,15.590667964285718,,5.069705803571429,,,46.37937418973213,,,1.134964252739533,59.78593663766068,,53.651467783411405,6.134468854249304,,,225.0,,224.0,0.0,,45.67679352417078,52.83529186447387,42.80000044000001,164.20000234,0.0,40.01843844948244,87.89999999999998,0.0,58.50000054
2017-03-31,69.39176666666668,92.51000171102147,0.9249126479784142,1.0532240923986829,2.166226801840673,245.90514752913379,0.9746849280769204,1.0891252194596155,22.124773419354835,1.0240431916208441,99.93629989236112,100.02025803541667,14.55979403225806,197.79336876805561,12.416247577956991,13.843439696534569,1.6265399472355928,80.09375413306452,215.48509446479886,2.7233582284946234,1.1130066868605912,102.42506426532844,0.5240420422916666,88.62133868491661,13.803725580411847,18.27777206586022,-0.08395814305555595,7.0,,7.0,0.0,93.54174095433454,87.30235554186156,96.59150911664801,88.90000129999999,47.49999999999999,0.0,93.66752821936208,41.2,0.0,115.7000014
2017-04-30,,,,,,,,,,,,,,,,,,,,,,,,,,,,,,,,,,,,,,,,,
